{
  "teamA": {
    "name": "{'id': 1802, 'name': 'Brisbane Roar FC', 'short_name': 'Brisbane FC', 'acronym': 'BRR'}",
    "zones": {
      "defensive": {
        "x_left": -52.5,
        "x_right": -17.5,
        "focal_x": -33.728,
        "focal_y": 0.318,
        "focal_cell": 5,
        "zone_total_control": 891.46276657,
        "cell_means": [
          [
            0.1596086153,
            0.1973555293,
            0.2172229488
          ],
          [
            0.2187753609,
            0.2704890102,
            0.286837222
          ],
          [
            0.1618402222,
            0.2042880061,
            0.2391889511
          ]
        ]
      },
      "midfield": {
        "x_left": -17.5,
        "x_right": 17.5,
        "focal_x": 0.144,
        "focal_y": 0.51,
        "focal_cell": 5,
        "zone_total_control": 1100.22485945,
        "cell_means": [
          [
            0.2332707629,
            0.2496536925,
            0.2534448678
          ],
          [
            0.3022452806,
            0.3142893145,
            0.315567753
          ],
          [
            0.2632180061,
            0.2724815335,
            0.2576073142
          ]
        ]
      },
      "attacking": {
        "x_left": 17.5,
        "x_right": 52.5,
        "focal_x": 33.408,
        "focal_y": -0.471,
        "focal_cell": 5,
        "zone_total_control": 928.30759249,
        "cell_means": [
          [
            0.2469012932,
            0.2182566452,
            0.1720655005
          ],
          [
            0.3069469372,
            0.291590049,
            0.2397781757
          ],
          [
            0.2332735692,
            0.2033781828,
            0.1640559153
          ]
        ]
      }
    }
  },
  "teamB": {
    "name": "{'id': 871, 'name': 'Perth Glory Football Club', 'short_name': 'Perth Glory', 'acronym': 'PER'}",
    "zones": {
      "defensive": {
        "x_left": -52.5,
        "x_right": -17.5,
        "focal_x": -33.196,
        "focal_y": -0.079,
        "focal_cell": 5,
        "zone_total_control": 867.14563118,
        "cell_means": [
          [
            0.1543932293,
            0.198391897,
            0.2371291328
          ],
          [
            0.1843176894,
            0.2498502355,
            0.2934062526
          ],
          [
            0.1535113238,
            0.1958021053,
            0.2371824871
          ]
        ]
      },
      "midfield": {
        "x_left": -17.5,
        "x_right": 17.5,
        "focal_x": 0.405,
        "focal_y": 0.145,
        "focal_cell": 5,
        "zone_total_control": 1228.05436081,
        "cell_means": [
          [
            0.2620848141,
            0.2827877859,
            0.2924290204
          ],
          [
            0.3284542395,
            0.3567711849,
            0.3678380943
          ],
          [
            0.2731565798,
            0.2945697654,
            0.2898198943
          ]
        ]
      },
      "attacking": {
        "x_left": 17.5,
        "x_right": 52.5,
        "focal_x": 33.221,
        "focal_y": -0.679,
        "focal_cell": 5,
        "zone_total_control": 1069.01020728,
        "cell_means": [
          [
            0.287821893,
            0.2569157184,
            0.1979947877
          ],
          [
            0.3653173678,
            0.3441990048,
            0.2608319098
          ],
          [
            0.2655870263,
            0.2296508412,
            0.1827906195
          ]
        ]
      }
    }
  }
}